Pair,Description,Alg,Memo,Category,Notes
AB,"[R' B' R : [R D R' , U']]",R' B' R2 D R' U' R D' R' U R' B R,Abe,U'-swap,
AD,"[R' D R U2 : [R' D' R , U]]",R' D R U2 R' D' R U R' D R U R' D' R,Aid,U-swap,
AF,"[F : [U2 , F' R F R']]",F U2 F' R F R' U2 R F' R',Afro,U2-swap,
AG,"[R' D R , U2]",R' D R U2 R' D' R U2,Age,U2-swap,
AH,"[U' : [R D' R' , U2]]",U' R D' R' U2 R D R' U',Arthur,U2-swap,
AI,"[r D' U : [R D R' , U2]]",r D' U R D R' U2 R D' R' U D r',Alli,U2-swap,
AK,"[D U' : [R D R' , U2]]",D U' R D R' U2 R D' R' U' D',Ace,U2-swap,
AL,"[D : [R' D' R , U2]]",D R' D' R U2 R' D R U2 D',Al,U2-swap,
AN,"[R' U D R2 : [U' , R' D' R]]",R' U D R2 U' R' D' R U R' D R' D' U' R,Anne,U'-swap,
AO,"[U' : [R D R' , U2]]",U' R D R' U2 R D' R' U',Aoli,U2-swap,
AP,"[R' D' R , U2]",R' D' R U2 R' D R U2,Apple,U2-swap,
AQ,"[R' U D : [R D R' , U2]]",R' U D R D R' U2 R D' R' U2 D' U' R,Aqua,U2-swap,
AS,"[D' U' : [R D R' , U2]]",D' U' R D R' U2 R D' R' U' D,Ass,U2-swap,
AT,"[D U' : [R D' R' , U2]]",D U' R D' R' U2 R D R' U' D',At,U2-swap,
AU,"[R F' R' U' : [R D R' , U2]]",R F' R' U' R D R' U2 R D' R' U' R F R',Aus,U2-swap,
AV,"[R' D R U' R D' R' , U2]",R' D R U' R D' R' U2 R D R' U R' D' R U2,Ave,U2-swap,
AW,"[R D' R' : [R' D R , U2]]",R D' R2 D R U2 R' D' R U2 R D R',Aww,U2-swap,
AX,"[R' U' D' R : [R U' R' , D]]",R' U' D' R2 U' R' D R U R' D' R' D U R,Ax,D-swap,
BA,"[R' B' R : [U' , R D R']]",R' B' R U' R D R' U R D' R2 B R,Barb,U'-swap,
BD,"[R F' R' : [R' D R, U]]",R F' R2 D R U R' D' R U' R F R',Bed,U-swap,
BE,"[R : [U , R D R']]",R U R D R' U' R D' R2,Bee,U-swap,
BF,"[R2 : [D' , R U' R']]",R2 D' R U' R' D R U R,Beef,D'-swap,
BG,"[R' D R , U]",R' D R U R' D' R U',Bag,U-swap,
BH,"[U' , R D' R']",U' R D' R' U R D R',Bath,U'-swap,
BI,"[R2 U' : [D' , R U R']]",R2 U' D' R U R' D R U' R' U R2,Bib,D'-swap,
BK,"[D' : [R' D R , U]]",D' R' D R U R' D' R U' D,Bike,U-swap,
BL,"[D : [R' D' R , U]]",D R' D' R U R' D R U' D',Bill,U-swap,
BO,"[U' , R D R']",U' R D R' U R D' R',Boob,U'-swap,
BP,"[R' D' R , U]",R' D' R U R' D R U',Bop,U-swap,
BR,"[R2 U : [R' U' R , D]]",R2 U R' U' R D R' U R D' U' R2,Bar,D-swap,
BS,"[D' : [U' , R D R']]",D' U' R D R' U R D' R' D,Bus,U'-swap,
BT,"[D : [U' , R D' R']]",D U' R D' R' U R D R' D',Bat,U'-swap,
BU,"[R F' : [R' U' R , D]]",R F' R' U' R D R' U R D' F R',Bub,D-swap,
BV,"[R' D R U' R D' R' , U]",R' D R U' R D' R' U R D R' U R' D' R U',Bev,U-swap,
BW,"[U' , R D' R' U R' D R]",U' R D' R' U R' D R U R' D' R U' R D R',Bow,U'-swap,
BX,"[R' B : [D' , R U R']]",R' B D' R U R' D R U' R' B' R,Box,D'-swap,
DA,"[R' D R U' : [R' D' R , U']]",R' D R U' R' D' R U' R' D R U2 R' D' R,Dada,U'-swap,
DB,"[R F' R' : [U , R' D R]]",R F' R' U R' D R U' R' D' R2 F R',Deb,U-swap,
DE,"[U' R2 : [D , R' U2 R]]",U' R2 D R' U2 R D' R' U2 R' U,Deed,D-swap,
DG,"[R' D R , U']",R' D R U' R' D' R U,Dog,U'-swap,
DH,"[U' : [R D' R' , U']]",U' R D' R' U' R D R' U2,Death,U'-swap,
DK,"[D' : [R' D R , U']]",D' R' D R U' R' D' R U D,Duck,U'-swap,
DL,"[D : [R' D' R , U']]",D R' D' R U' R' D R U D',Doll,U'-swap,
DN,"[U' R' : [U2 , R' D' R]]",U' R' U2 R' D' R U2 R' D R2 U,Dean,U2-swap,
DO,"[U' : [R D R' , U']]",U' R D R' U' R D' R' U2,Dodo,U'-swap,
DP,"[R' D' R , U']",R' D' R U' R' D R U,Dip,U'-swap,
DQ,"[R' D' : [U' , R' D R]]",R' D' U' R' D R U R' D' R D R,Dutch,U'-swap,
DR,"[U' R' : [U' , R' D' R]]",U' R' U' R' D' R U R' D R2 U,Door,U'-swap,
DS,"[D : [R' D R , U']]",D R' D R U' R' D' R U D',Desk,U'-swap,
DT,"[D' : [R' D' R , U']]",D' R' D' R U' R' D R U D,Dot,U'-swap,
DU,"[R' U' R : [F2' , R' U R U']]",R' U' R F2' R' U R U' F2 U,Due,F2-swap,
DV,"[R' D R U' R D' R' , U']",R' D R U' R D' R' U' R D R' U R' D' R U,Dev,U'-swap,
DW,"[R D' R' : [R' D R , U']]",R D' R2 D R U' R' D' R U R D R',Dew,U'-swap,
DX,"[R' D' R : [R U' R' , D]]",R' D' R2 U' R' D R U R' D' R' D R,"Dex, Dash",D-swap,
EB,"[R2 : [D , R' U R]]",R2 D R' U R D' R' U' R',Elbow,D-swap,
ED,"[U' R : [U2 , R D R']]",U' R U2 R D R' U2 R D' R2 U,Ed,U2-swap,
EF,"[U' R' F : [D , R U R']]",U' R' F D R U R' D' R U' R' F' R U,Effile ,D-swap,
EG,"[U R' : [U' , R' D R]]",U R' U' R' D R U R' D' R2 U',Egg,U'-swap,
EH,"[R D' : [R D R' , U]]",R D' R D R' U R D' R' U' D R',Earth,U-swap,
EI,"[l' U : [R D' R' , U2]]",l' U R D' R' U2 R D R' U l,Eli,U2-swap,
EK,"[U D' R' : [U' , R' D R]]",U D' R' U' R' D R U R' D' R2 D U',Elk,U'-swap,
EL,"[R U : [R' D R , U]]",R U R' D R U R' D' R U2 R',Elle,U-swap,
EN,"[R' D R2 D' R2' : [U , R2 D R2' D' R2]]",R' D R2 D' R2' U R2 D R2' D' R2 U' R',Ender,U-swap,
EO,"[U' R : [R U' R' , D']]",U' R2 U' R' D' R U R' D R' U,Elmo,D'-swap,
EP,"[U R' U2 : [R D R' , U]]",U R' U2 R D R' U R D' R' U R U',Epee,U-swap,
EQ,"[R' , F' L F]",R' F' L F R F' L' F,Etch,R'-swap,
ES,"[U D R' : [U' , R' D R]]",U D R' U' R' D R U R' D' R2 D' U',Yes,U'-swap,
ET,"[R U : [R' D' R , U]]",R U R' D' R U R' D R U2 R',Eight,U-swap,
EU,"[D' R : [R D' R' , U]]",D' R2 D' R' U R D R' U' R' D,Europe,U-swap,
EV,"[U R' D' : [U' , R' D' R]]",U R' D' U' R' D' R U R' D R D R U',Eve,U'-swap,
EW,"[D R : [R D' R', U]]",D R2 D' R' U R D R' U' R' D',Ewe,U-swap,
EX,"[R : [R D' R' , U]]",R2 D' R' U R D R' U' R',Eshay,U-swap,
FA,"[F : [R' D' R , U2]]",F R' D' R U2 R' D R U2 F',Fay,U2-swap,
FB,"[R' : [U' , R' D' R]]",R' U' R' D' R U R' D R2,Ferb,U'-swap,
FE,"[U' R' U , L]",U' R' U L U' R U L',Free,L-swap,
FG,"[R' U' : [D , R U R']]",R' U' D R U R' D' R U' R' U R,Fag,D-swap,
FH,"[U' R U' : [D' , R' U R]]",U' R U' D' R' U R D R' U' R U R' U,Faith,D'-swap,
FK,"[R : [F , R' U R U']]",R F R' U R U' F' U R' U',Fuck,F-swap,
FL,"[D R' U' : [D' , R U R']]",D R' U' D' R U R' D R U' R' U R D',Fail,D'-swap,
FN,"[R U' D' R' : [D , R' U R]]",R U' D' R' D R' U R D' R' U' R2 D U R',Fan,D-swap,
FO,"[D' R : [F , R' U R U']]",D' R F R' U R U' F' U R' U' D,Floof,F-swap,
FP,"[R' U' : [D' , R U R']]",R' U' D' R U R' D R U' R' U R,Fap,D'-swap,
FQ,"[R' F : [R U R' , D]]",R' F R U R' D R U' R' D' F' R,Filch,D-swap,
FR,"[l U' l' , F]",l U' l' F l U l' F',Four,F-swap,
FS,"[l U2 l' , F]",l U2 l' F l U2 l' F',Fuzz,F-swap,
FT,"[D' R' U' : [D' , R U R']]",D' R' U' D' R U R' D R U' R' U R D,Fat,D'-swap,
FU,"[U' R' U : [R U' R' , D]]",U' R' U R U' R' D R U R' D' U' R U,Fugu,D-swap,
FV,"[U' D' R' U : [R U' R' , D]]",U' D' R' U R U' R' D R U R' D' U' R D U,Five,D-swap,
FW,"[R U' R' : [D , R' U R]]",R U' R' D R' U R D' R' U' R2 U R',Fawn,D-swap,
FX,"[U' D R' U : [R U' R' , D]]",U' D R' U R U' R' D R U R' D' U' R D' U,Fox,D-swap,
GA,"[U2 , R' D R]",U2 R' D R U2 R' D' R,Gag,U2-swap,
GB,"[U , R' D R]",U R' D R U' R' D' R,Gib,U-swap,
GD,"[U' , R' D R]",U' R' D R U R' D' R,God,U'-swap,
GE,"[U R' : [R' D R , U']]",U R2 D R U' R' D' R U R U',Geese,U'-swap,
GF,"[R' U' : [R U R' , D]]",R' U' R U R' D R U' R' D' U R,Golf,D-swap,
GH,"[D R' : [F' , R D' R']]",D R' F' R D' R' F R,Goth,F'-swap,
GI,"[D R' : [F2 , R D' R' D]]",D R' F2 R D' R' D F2 D' R,Giga,F2-swap,
GK,"[U : [D , R U' R']]",U D R U' R' D' R U R' U',Goku,D-swap,
GN,"[U R U : [R' D R , U2]]",U R U R' D R U2 R' D' R U R' U',Gun,U2-swap,
GO,"[U D : [R U' R' , D2]]",U D R U' R' D2 R U R' D U',Go,D2-swap,
GP,"[U R' D : [R U' R' , D2]]",U R' D R U' R' D2 R U R' D R U',Gypsy,D2-swap,
GQ,"[R' U : [R U' R' , D]]",R' U R U' R' D R U R' D' U' R,Gulch,D-swap,
GR,"[R B' R' : [R' D R , U]]",R B' R2 D R U R' D' R U' R B R',Gear,U-swap,
GS,"[U D : [R U' R' , D]]",U D R U' R' D R U R' D2 U',Gus,D-swap,
GT,"[R' D R : [D' , R U R']]",R' D R D' R U R' D R U' R2 D' R,Got,D'-swap,
GV,"[U D R D' : [U' , R' D R]]",U D R D' U' R' D R U R' D' R D R' D' U',Gav,U'-swap,
GW,"[U R : [D , R U' R']]",U R D R U' R' D' R U R2 U',Gwent,D-swap,
GX,"[D U R U' : [F2' , U R' U' R]]",D U R U' F2' U R' U' R F2 R' D',Gaisha,F2-swap,
HA,"[U : [R D' R' , U2]]",U R D' R' U2 R D R' U,Haha,U2-swap,
HB,"[R D' R' , U']",R D' R' U' R D R' U,Hubby,U'-swap,
HD,"[U2 : [R D' R' , U]]",U2 R D' R' U R D R' U,Head,U-swap,
HE,"[R D' : [U , R D R']]",R D' U R D R' U' R D' R' D R',Helium,U-swap,
HF,"[U' R U' : [R' U R , D']]",U' R U' R' U R D' R' U' R D U R' U,Hoof,D'-swap,
HG,"[R' D : [F' , D' R D R']]",R' D F' D' R D R' F R D',Hog,F'-swap,
HI,"[R U' D : [R' D R , U2]]",R U' D R' D R U2 R' D' R U2 D' U R',High,U2-swap,
HK,"[l' U : [D , R U' R']]",l' U D R U' R' D' R U R' U' l,Hack,D-swap,
HL,"[D2 : [R U R' , D']]",D2 R U R' D' R U' R' D',Hill,D'-swap,
HN,"[U R : [R D' R' , U2]]",U R2 D' R' U2 R D R' U2 R' U',Hen,U2-swap,
HO,"[R D' : [R' U' R , D2]]",R D' R' U' R D2 R' U R D' R',Hobo,D2-swap,
HP,"[D2 , R U R']",D2 R U R' D2 R U' R',Hop,D2-swap,
HQ,"[U' L U , R]",U' L U R U' L' U R',Hatcher,R-swap,
HR,"[U D R' F' : [D , R U' R']]",U D R' F' D R U' R' D' R U R' F R D' U',Hare,D-swap,
HT,"[D2 : [R U R' , D]]",D2 R U R' D R U' R' D,Hot,D-swap,
HU,"[D R U' R' : [R' D R , U2]]",D R U' R2 D R U2 R' D' R U2 R U R' D',Hula,U2-swap,
HV,"[R U' D R' : [R' D R , U2]]",R U' D R2 D R U2 R' D' R U2 R D' U R',Hive,U2-swap,
HW,"[R D' R' : [R' D R , U]]",R D' R2 D R U R' D' R U' R D R',Hawk,U-swap,
IA,"R' D R U' R : [F , R' U R U']",R' D R U' R,India,F-swap,
IB,"[R2 U' : [R U R' , D']]",R2 U' R U R' D' R U' R' D U R2,Ibis,D'-swap,
IE,"[l' U' : [R D' R' , U2]]",l' U' R D' R' U2 R D R' U' l,Int. Exp/isle,U2-swap,
IG,"[R' D : [F2 , D' R D R']]",R' D F2 D' R D R' F2 R D',Ing,F2-swap,
IH,"[R U D : [R' D R , U2]]",R U D R' D R U2 R' D' R U2 D' U' R',Isiah,U2-swap,
IK,"[D' R' D : [F2 , D' R D R']]",D' R' D F2 D' R D R' F2 R,Ike,F2-swap,
IL,"[R U : [R' D R , U2]]",R U R' D R U2 R' D' R U R',Ill,U2-swap,
IN,"[R' F' R D U : [U2 , R' D' R]]",R' F' R D U' R' D' R U2 R' D R U' D' R' F R,Inn,U2-swap,
IO,"[R D' U : [R' D R , U2]]",R D' U R' D R U2 R' D' R U D R',Igloo,U2-swap,
IP,"[D R U : [R' D' R , U2]]",D R U R' D' R U2 R' D R U R' D',Imp,U2-swap,
IQ,"[R U D' : [R' D' R , U2]]",R U D' R' D' R U2 R' D R U2 D U' R',Itch,U2-swap,
IR,"[R U R' U D : [R D R' , U2]]",R U R' U D R D R' U2 R D' R' U2 D' U' R U' R',Ireland,U2-swap,
IS,"[D R' D : [F2 , D' R D R']]",D R' D F2 D' R D R' F2 R D2,Izzy,F2-swap,
IT,"[R U : [R' D' R , U2]]",R U R' D' R U2 R' D R U R',It,U2-swap,
IU,"[D' R : [R D' R' , U2]]",D' R2 D' R' U2 R D R' U2 R' D,Inu,U2-swap,
IV,"[R U' R' D' : [R' D R , U2]]",R U' R' D' R' D R U2 R' D' R U2 D R U R',Ivy,U2-swap,
IW,"[D R : [R D' R' , U2]]",D R2 D' R' U2 R D R' U2 R' D',Inkwell,U2-swap,
IX,"[R : [R D' R' , U2]]",R2 D' R' U2 R D R' U2 R',Index,U2-swap,
KA,"[U D : [R D R' , U2]]",U D R D R' U2 R D' R' U2 D' U',Koala,U2-swap,
KB,"[D' : [U , R' D R]]",D' U R' D R U' R' D' R D,Kebab,U-swap,
KD,"[D' : [U' , R' D R]]",D' U' R' D R U R' D' R D,Kid,U'-swap,
KE,"[D' U R' : [R' D R , U']]",D' U R2 D R U' R' D' R U R U' D,Key,U'-swap,
KF,"[U R U' : [F , U R' U' R]]",U R U' F U R' U' R F' R',Coffee,F-swap,
KG,"[U : [R U' R' , D]]",U R U' R' D R U R' D' U',Keg,D-swap,
KH,"[l' U : [R U' R' , D]]",l' U R U' R' D R U R' D' U' l,Keith,D-swap,
KI,"[R' : [F2 , R D' R' D]]",R' F2 R D' R' D F2 D' R D,Kiri,F2-swap,
KL,"[R' : [F' , R D' R' D]]",R' F' R D' R' D F D' R D,Kale,F'-swap,
KN,"[U' R' U : [R D R' , U2]]",U' R' U R D R' U2 R D' R' U R U,Ken,U2-swap,
KO,"[U : [R U' R' , D']]",U R U' R' D' R U R' D U',Coco,D'-swap,
KQ,"[D' R' U : [R U' R' , D]]",D' R' U R U' R' D R U R' D' U' R D,Katchi,D-swap,
KR,"[U' R' U2 : [R D R' , U]]",U' R' U2 R D R' U R D' R' U R U,Car,U-swap,
KS,"[U : [R U' R' , D2]]",U R U' R' D2 R U R' D2 U',Kiss,D2-swap,
KT,"[R U R' U' : [D' , R U R']]",R U R' U' D' R U R' D R U' R' U R U' R',Kitkat,D'-swap,
KU,"[U R U' : [F2' , U R' U' R]]",U R U' F2' U R' U' R F2 R',Kuck,F2-swap,
KW,"[U R' D' : [U' , R' D R]]",U R' D' U' R' D R U R' D' R D R U',Kiwi,U'-swap,
KX,"[R' D' R : [R U R' , D]]",R' D' R2 U R' D R U' R' D' R' D R,Kesha,D-swap,
LA,"[D' U : [R D' R' , U2]]",D' U R D' R' U2 R D R' U D,Lala,U2-swap,
LB,"[D : [U , R' D' R]]",D U R' D' R U' R' D R D',Lebron,U-swap,
LD,"[D : [U' , R' D' R]]",D U' R' D' R U R' D R D',Lead,U'-swap,
LE,"[R U2 : [R' D R , U']]",R U2 R' D R U' R' D' R U' R',Lee,U'-swap,
LF,"[D R' U' : [R U R' , D']]",D R' U' R U R' D' R U' R' D U R D',Loaf,D'-swap,
LH,"[D : [R U R' , D]]",D R U R' D R U' R' D2,Leah,D-swap,
LI,"[R U' : [R' D R , U U]]",R U' R' D R U2 R' D' R U' R',Lilly,U2-swap,
LK,"[D' R' D : [F' , D' R D R']]",D' R' D F' D' R D R' F R,Lake,F'-swap,
LN,"[U R U D : [R' D' R , U2]]",U R U D R' D' R U2 R' D R U2 D' U' R' U',Lan,U2-swap,
LO,"[R D2 : [R' U' R , D']]",R D2 R' U' R D' R' U R D' R',Loo,D'-swap,
LP,"[D , R U R']",D R U R' D' R U' R',Lip,D-swap,
LQ,"[R' F : [R U' R' , D]]",R' F R U' R' D R U R' D' F' R,Leach,D-swap,
LR,"[D R' : [D , R' U R]]",D R' D R' U R D' R' U' R2 D',Larry,D-swap,
LS,"[D' R D' : [R' U' R , D2]]",D' R D' R' U' R D2 R' U R D' R' D,Lisa,D2-swap,
LT,"[D : [R U R' , D2]]",D R U R' D2 R U' R' D,Lit,D2-swap,
LV,"[R U' R' : [R' D R , U2]]",R U' R2 D R U2 R' D' R U2 R U R',Love,U2-swap,
LW,"[D R : [R D' R' , U']]",D R2 D' R' U' R D R' U R' D',Law,U'-swap,
LX,"[D R D : [U , R' D' R]]",D R D U R' D' R U' R' D R D' R' D',Lash,U-swap,
NA,"[R' U D R : [D' , R U' R']]",R' U D R D' R U' R' D R U R2 D' U' R,Nana,D'-swap,
ND,"[U' R2' : [D' , R U2 R']]",U' R2' D' R U2 R' D R U2 R U,Ned,D'-swap,
NE,"[R : [U , R2 D R2 D' R2]]",R U R2 D R2 D' R2 U' R2 D R2 D' R,Knee,U-swap,
NF,"[R U' D' R' : [R' U R , D]]",R U' D' R2 U R D R' U' R D' R D U R',Knife,D-swap,
NG,"[U R U' : [R' D R , U2]]",U R U' R' D R U2 R' D' R U' R' U',Knight,U2-swap,
NH,"[U R : [U2 , R D' R']]",U R U2 R D' R' U2 R D R2 U',Noah,U2-swap,
NI,"[R' F' R D U : [R' D' R , U2]]",R' F' R D U R' D' R U2 R' D R U D' R' F R,Nine,U2-swap,
NK,"[U' R' U' : [R D R' , U2]]",U' R' U' R D R' U2 R D' R' U' R U,Nike,U2-swap,
NL,"[U R U' D : [R' D' R , U2]]",U R U' D R' D' R U2 R' D R U2 D' U R' U',Nile,U2-swap,
NO,"[U R U' : [R' D' R , U2]]",U R U' R' D' R U2 R' D R U' R' U',No,U2-swap,
NP,"[U' R' D U' : [R D' R' , U2]]",U' R' D U' R D' R' U2 R D R' U' D' R U,Nip,U2-swap,
NR,"[U R2 U' : [D' , R U R']]",U R2 U' D' R U R' D R U' R' U R2 U',Nora,D'-swap,
NS,"[U' R' U' : [R D' R' , U2]]",U' R' U' R D' R' U2 R D R' U' R U,Nose,U2-swap,
NT,"[R' F' R D' U : [R' D R , U2]]",R' F' R D' U R' D R U2 R' D' R U D R' F R,Knit,U2-swap,
NU,"[U' R' : [R' D R , U2]]",U' R2 D R U2 R' D' R U2 R U,Nut,U2-swap,
NV,"[D' U' R' : [R' D R , U2]]",D' U' R2 D R U2 R' D' R U2 R U D,Knave,U2-swap,
NW,"[U R U' D' : [R' D R , U2]]",U R U' D' R' D R U2 R' D' R U2 D U R' U',Newt,U2-swap,
NX,"[D U' R' : [R' D R , U2]]",D U' R2 D R U2 R' D' R U2 R U D',Nashi,U2-swap,
OA,"[U : [R D R' , U2]]",U R D R' U2 R D' R' U,Oasis,U2-swap,
OB,"[R D R' , U']",R D R' U' R D' R' U,Oboe,U'-swap,
OD,"[U2 : [R D R' , U]]",U2 R D R' U R D' R' U,Odd,U-swap,
OE,"[U' R' F R : [R D R' , U']]",U' R' F R2 D R' U' R D' R' U R' F' R U,One,U'-swap,
OF,"[D' R : [R' U R U' , F]]",D' U R U' F U R' U' R F' R' D,Olaf,F-swap,
OG,"[U D' : [R U' R' , D2]]",U D' R U' R' D2 R U R' D' U',Ogre,D2-swap,
OH,"[R D : [R' U' R , D2]]",R D R' U' R D2 R' U R D R',Oath,D2-swap,
OI,"[R D' U' : [R' D R , U2]]",R D' U' R' D R U2 R' D' R U' D R',Oni,U2-swap,
OK,"[U : [D' , R U' R']]",U D' R U' R' D R U R' U',Oak,D'-swap,
OL,"[R D : [R' U' R , D]]",R D R' U' R D R' U R D2 R',Oil,D-swap,
ON,"[U R U : [R' D' R , U2]]",U R U R' D' R U2 R' D R U R' U',On,U2-swap,
OP,"[R D' : [R' D R , U]]",R D' R' D R U R' D' R U' D R',Oprah,U-swap,
OQ,"[U' R U : [R' U' R , D]]",U' R U R' U' R D R' U R D' U' R' U,Ostrich,D-swap,
OR,"[R B' : [R' U' R , D]]",R B' R' U' R D R' U R D' B R',Oar,D-swap,
OS,"[U' : [R' U' R , D']]",U' R' U' R D' R' U R D U,Oz,D'-swap,
OU,"[U' R' : [R' D R , U]]",U' R2 D R U R' D' R U' R U,Out,U-swap,
OV,"[D' U R U' : [F2 , U R' U' R]]",D' U R U' F2 U R' U' R F2 R' D,Oval,F2-swap,
OX,"[U D' R D' : [U' , R' D R]]",U D' R D' U' R' D R U R' D' R D R' D U',Ox,U'-swap,
PA,"[U2 , R' D' R]",U2 R' D' R U2 R' D R,Papaya,U2-swap,
PB,"[U , R' D' R]",U R' D' R U' R' D R,Pub,U-swap,
PD,"[U' , R' D' R]",U' R' D' R U R' D R,Pad,U'-swap,
PE,"[U R' U' : [R D R' , U']]",U R' U' R D R' U' R D' R' U2 R U',Peas,U'-swap,
PF,"[R' U' : [R U R' , D']]",R' U' R U R' D' R U' R' D U R,Puff,D'-swap,
PG,"[U R' D' : [R U' R' , D2]]",U R' D' R U' R' D2 R U R' D' R U',Pug,D2-swap,
PH,"[R U R' , D2]",R U R' D2 R U' R' D2,Path,D2-swap,
PI,"[D R U' : [R' D' R , U2]]",D R U' R' D' R U2 R' D R U' R' D',Pip,U2-swap,
PL,"[R U R' , D]",R U R' D R U' R' D',Pill,D-swap,
PN,"[U' R' D U : [R D' R' , U2]]",U' R' D U R D' R' U2 R D R' U D' R U,Pen,U2-swap,
PO,"[R D' : [U , R' D R]]",R D' U R' D R U' R' D' R D R',Poo,U-swap,
PQ,"[R' U : [R U' R' , D']]",R' U R U' R' D' R U R' D U' R,Pooch,D'-swap,
PR,"[R' : [D , R' U R]]",R' D R' U R D' R' U' R2,Pear,D-swap,
PS,"[U R' D' : [R U' R' , D']]",U R' D' R U' R' D' R U R' D2 R U',Piss,D'-swap,
PT,"[R U R' , D']",R U R' D' R U' R' D,Pot,D'-swap,
PU,"[R D : [U , R' D' R]]",R D U R' D' R U' R' D R D' R',Puma,U-swap,
PW,"[D' R U' R' : [R' D R , U2]]",D' R U' R2 D R U2 R' D' R U2 R U R' D,Paw,U2-swap,
PX,"[R : [R D' R' , U']]",R2 D' R' U' R D R' U R',Push,U'-swap,
QA,"[R' U' D : [R D R' , U2]]",R' U' D R D R' U2 R D' R' U2 D' U R,Chai,U2-swap,
QD,"[R' D' : [R' D R , U']]",R' D' R' D R U' R' D' R U D R,Chode,U'-swap,
QE,"[F' L F , R']",F' L F R' F' L' F R,Cheese,R'-swap,
QF,"[R' F : [D , R U R']]",R' F D R U R' D' R U' R' F' R,Chef,D-swap,
QG,"[R' U : [D , R U' R']]",R' U D R U' R' D' R U R' U' R,Qagmire,D-swap,
QH,"[R , U' L U]",R U' L U R' U' L' U,Cheetah,R-swap,
QI,"[R D' U' : [R' D' R , U2]]",R D' U' R' D' R U2 R' D R U' D R',Chi,U2-swap,
QK,"[D' R' U : [D , R U' R']]",D' R' U D R U' R' D' R U R' U' R D,Chick,D-swap,
QL,"[R' F : [D , R U' R']]",R' F D R U' R' D' R U R' F' R,Chili,D-swap,
QO,"[U' R U : [D , R' U' R]]",U' R U D R' U' R D' R' U R U' R' U,Cho,D-swap,
QP,"[R' U : [D' , R U' R']]",R' U D' R U' R' D R U R' U' R,Chomper,D'-swap,
QR,"[R , U' L' U]",R U' L' U R' U' L U,Charcoal,R-swap,
QS,"[D R' U : [D , R U' R']]",D R' U D R U' R' D' R U R' U' R D',Chase,D-swap,
QT,"[R U' : [R' U R , D]]",R U' R' U R D R' U' R D' U R',Chat,D-swap,
QU,"[D' R U' : [R' U R , D']]",D' R U' R' U R D' R' U' R D U R' D,Chungus,D'-swap,
QV,"[U R' U' : [R U R' , D']]",U R' U' R U R' D' R U' R' D U R U',Chevron,D'-swap,
QW,"[D R U' : [R' U R , D']]",D R U' R' U R D' R' U' R D U R' D',Chowder,D'-swap,
QX,"[R U' : [R' U R , D']]",R U' R' U R D' R' U' R D U R',Chesha,D'-swap,
RB,"[R2 U : [D , R' U' R]]",R2 U D R' U' R D' R' U R U' R2,Ribs,D-swap,
RD,"[U' R2' : [D' , R U' R']]",U' R2' D' R U' R' D R U R U,Rod,D'-swap,
RF,"[F , l U' l']",F l U' l' F' l U l',Raft,F-swap,
RG,"[R B' R' : [U , R' D R]]",R B' R' U R' D R U' R' D' R2 B R',Rag,U-swap,
RH,"[U D R' F' : [R U' R' , D]]",U D R' F' R U' R' D R U R' D' F R D' U',Wrath,D-swap,
RI,"[R U R' D' : [R' D R , U2]]",R U R' D' R' D R U2 R' D' R U2 D R U' R',Riri,U2-swap,
RK,"[U' R' U' : [R D R' , U']]",U' R' U' R D R' U' R D' R' U2 R U,Rake,U'-swap,
RL,"[D R' : [R' U R , D]]",D R2 U R D R' U' R D' R D',Rail,D-swap,
RN,"[U R2 U' : [R U R' , D']]",U R2 U' R U R' D' R U' R' D U R2 U',Ron,D'-swap,
RO,"[R B' : [D , R' U' R]]",R B' D R' U' R D' R' U R B R',Roo,D-swap,
RP,"[R2' : [U , R D R']]",R2' U R D R' U' R D' R,Rope,U-swap,
RQ,"[U' L' U , R]",U' L' U R U' L U R',Rachael,R-swap,
RS,"[U' R' U' : [R D' R' , U']]",U' R' U' R D' R' U' R D R' U2 R U,Russ,U'-swap,
RT,"[D' R2' : [U , R D R']]",D' R2' U R D R' U' R D' R D,Rat,U-swap,
RU,"[U' R' : [R' D R , U']]",U' R2 D R U' R' D' R U R U,Ruby,U'-swap,
RV,"[D' U' R' : [R' D R , U']]",D' U' R2 D R U' R' D' R U R U D,Raven,U'-swap,
RW,"[U R : [D' , R U' R']]",U R D' R U' R' D R U R2 U',Raw,D'-swap,
RX,"[R2 U : [D' , R' U' R]]",R2 U D' R' U' R D R' U R U' R2,Rash,D'-swap,
SA,"[U D' : [R D R' , U2]]",U D' R D R' U2 R D' R' U2 D U',SA,U2-swap,
SB,"[D' : [R D R' , U']]",D' R D R' U' R D' R' U D,Seb,U'-swap,
SD,"[D : [U' , R' D R]]",D U' R' D R U R' D' R D',Sid,U'-swap,
SE,"[D U R' : [R' D R , U']]",D U R2 D R U' R' D' R U R U' D',Seer,U'-swap,
SF,"[F , l U2 l']",F l U2 l' F' l U2 l',Sofa,F-swap,
SG,"[U D2 : [R U' R' , D']]",U D2 R U' R' D' R U R' D' U',Stig,D'-swap,
SI,"[D R' D : [F2 , D' R D R']]",D R' D F2 D' R D R' F2 R D2,Sis,F2-swap,
SK,"[U : [D2 , R U' R']]",U D2 R U' R' D2 R U R' U',Sick,D2-swap,
SL,"[D' R D : [R' U' R , D2]]",D' R D R' U' R D2 R' U R D R' D,Sail,D2-swap,
SN,"[U' R' U : [R D' R' , U2]]",U' R' U R D' R' U2 R D R' U R U,Sun,U2-swap,
SO,"[U' : [D' , R' U' R]]",U' D' R' U' R D R' U R U,Spool,D'-swap,
SP,"[U R' D' : [D' , R U' R']]",U R' D2 R U' R' D R U R' D R U',Sap,D'-swap,
SQ,"[D R' U : [R U' R' , D]]",D R' U R U' R' D R U R' D' U' R D',Satchel,D-swap,
SR,"[U' R' U2 : [R D' R' , U]]",U' R' U2 R D' R' U R D R' U R U,Sour,U-swap,
ST,"[D2' R' : [F' , R D' R' D]]",D2' R' F' R D' R' D F D' R D',Sit,F'-swap,
SU,"[U' D' R' D' : [U' , R D R']]",U' D' R' D' U' R D R' U R D' R' D R D U,Suit,U'-swap,
SV,"[U' D' R' : [R' D R , U]]",U' D' R2 D R U R' D' R U' R D U,Seven,U-swap,
SW,"[U R : [D2 , R U' R']]",U R D2 R U' R' D2 R U R2 U',Sew,D2-swap,
TA,"[U D : [R D' R' , U2]]",U D R D' R' U2 R D R' U2 D' U',Tat,U2-swap,
TB,"[D : [R D' R' , U']]",D R D' R' U' R D R' U D',Tub,U'-swap,
TD,"[D' : [U' , R' D' R]]",D' U' R' D' R U R' D R D,Todd,U'-swap,
TE,"[R U2 : [R' D' R , U']]",R U2 R' D' R U' R' D R U' R',Tee,U'-swap,
TF,"[D' R' U' : [R U R' , D']]",D' R' U' R U R' D' R U' R' D U R D,Tiff,D'-swap,
TG,"[R' D R2 : [U , R' D' R]]",R' D R2 U R' D' R U' R' D R' D' R,Tag,U-swap,
TH,"[D' : [R U R' , D']]",D' R U R' D' R U' R' D2,Teeth,D'-swap,
TI,"[R U' : [R' D' R , U2]]",R U' R' D' R U2 R' D R U' R',Tits,U2-swap,
TK,"[R U R' U' : [R U R' , D']]",R U R' U' R U R' D' R U' R' D U R U' R',Tik Tok,D'-swap,
TL,"[D' : [R U R' , D2]]",D' R U R' D2 R U' R' D',Tool,D2-swap,
TN,"[R' F' R D' U' : [R' D R , U2]]",R' F' R D' U' R' D R U2 R' D' R U' D R' F R,Toon,U2-swap,
TP,"[D' , R U R']",D' R U R' D R U' R',Tap,D'-swap,
TQ,"[R U' : [D , R' U R]]",R U' D R' U R D' R' U' R U R',Teacher,D-swap,
TR,"[D' R' : [D , R' U R]]",D' R' D R' U R D' R' U' R2 D,Tear,D-swap,
TS,"[D R' D : [F' , D' R D R']]",D R' D F' D' R D R' F R D2,Tess,F'-swap,
TU,"[D' R : [R D' R' , U']]",D' R2 D' R' U' R D R' U R' D,Tutu,U'-swap,
TV,"[D' R D : [U , R' D' R]]",D' R D U R' D' R U' R' D R D' R' D,Tavern,U-swap,
TX,"[R U' D : [R' U R , D2]]",R U' D R' U R D2 R' U' R D U R',Trash,D2-swap,
UA,"[R F' R' U : [R D R' , U2]]",R F' R' U R D R' U2 R D' R' U R F R',Umbrella,U2-swap,
UB,"[R F' : [D , R' U' R]]",R F' D R' U' R D' R' U R F R',Uber,D-swap,
UD,"[U' : [F2' , U R' U' R]]",U' F2' U R' U' R F2 R' U R,Udder,F2-swap,
UE,"[D' R : [U , R D' R']]",D' R U R D' R' U' R D R2 D,Ute,U-swap,
UF,"[U' R' U : [D , R U' R']]",U' R' U D R U' R' D' R U R' U' R U,Ufo,D-swap,
UH,"[D R U' R' : [U2 , R' D R]]",D R U' R' U2 R' D R U2 R' D' R2 U R' D',Utah Jazz,U2-swap,
UI,"[R D U' : [R' D' R , U2]]",R D U' R' D' R U2 R' D R U' D' R',Uzi,U2-swap,
UK,"[R : [F2 , R' U R U']]",R F2 R' U R U' F2 U R' U',Uke,F2-swap,
UN,"[U' R' : [U2 , R' D R]]",U' R' U2 R' D R U2 R' D' R2 U,UN,U2-swap,
UO,"[U' R' : [U , R' D R]]",U' R' U R' D R U' R' D' R2 U,Uno,U-swap,
UP,"[R D : [R' D' R , U]]",R D R' D' R U R' D R U' D' R',Up,U-swap,
UQ,"[D' R U' : [D' , R' U R]]",D' R U' D' R' U R D R' U' R U R' D,Urchin,D'-swap,
UR,"[U' R' : [U' , R' D R]]",U' R' U' R' D R U R' D' R2 U,Uranus,U'-swap,
US,"[U' D' R' D' : [R D R' , U']]",U' D' R' D' R D R' U' R D' R' U D R D U,US,U'-swap,
UT,"[D' R : [U' , R D' R']]",D' R U' R D' R' U R D R2 D,U Turn,U'-swap,
UV,"[U' R' U R : [D , R U' R']]",U' R' U R D R U' R' D' R U R2 U' R U,Uvula,D-swap,
UW,"[U' R2' : [D , R2 U R2' U' R2]] inverse",U' R2' D R2 U R2' U' R2 D' R2 U R2 inverse,Underwear,D-swap,
UX,"[R U' D2 : [R' U R , D]]",R U' D2 R' U R D R' U' R D U R',Usher,D-swap,
VA,"[U2 , R' D R U' R D' R']",U2 R' D R U' R D' R' U2 R D R' U R' D' R,Visa,U2-swap,
VB,"[U , R' D R U' R D' R']",U R' D R U' R D' R' U' R D R' U R' D' R,Vibrator,U-swap,
VD,"[U' , R' D R U' R D' R']",U' R' D R U' R D' R' U R D R' U R' D' R,Vader,U'-swap,
VE,"[U R' D' : [R' D' R , U']]",U R' D' R' D' R U' R' D R U D R U',V,U'-swap,
VF,"[U' D' R' U : [D , R U' R']]",U' D' R' U D R U' R' D' R U R' U' R D U,Venus Flytrap,D-swap,
VG,"[U D R D' : [R' D R , U']]",U D R D' R' D R U' R' D' R U D R' D' U',Vag,U'-swap,
VH,"[R U' D R' : [U2 , R' D R]]",R U' D R' U2 R' D R U2 R' D' R2 D' U R',Vi Hart,U2-swap,
VI,"[R U' R' U D : [R D R' , U2]]",R U' R' U D R D R' U2 R D' R' U2 D' U' R U R',Vise,U2-swap,
VL,"[R U' R' : [U2 , R' D R]]",R U' R' U2 R' D R U2 R' D' R2 U R',Vial,U2-swap,
VN,"[U' D' R' : [U2 , R' D R]]",U' D' R' U2 R' D R U2 R' D' R2 D U,Van,U2-swap,
VO,"[D' R : [F2 , R' U R U']]",D' R F2 R' U R U' F2 U R' U' D,Volcano,F2-swap,
VQ,"[U R' U' : [D' , R U R']]",U R' U' D' R U R' D R U' R' U R U',Voucher,D'-swap,
VR,"[D' U' R' : [U' , R' D R]]",D' U' R' U' R' D R U R' D' R2 U D,Varys,U'-swap,
VS,"[U' D' R' : [U , R' D R]]",U' D' R' U R' D R U' R' D' R2 D U,Vase,U-swap,
VT,"[D' R D : [R' D' R , U]]",D' R D R' D' R U R' D R U' D' R' D,Vet,U-swap,
VU,"[U' R' U R : [R U' R' , D]]",U' R' U R2 U' R' D R U R' D' R' U' R U,Vacuum,D-swap,
VW,"[D R U' R' : [R' U R , D']]",D R U' R2 U R D' R' U' R D R U R' D',View,D'-swap,
VX,"[R U' R' U : [R D' R' , U2]]",R U' R' U R D' R' U2 R D R' U R U R',Vixen,U2-swap,
WA,"[R D' R' : [U2 , R' D R]]",R D' R' U2 R' D R U2 R' D' R2 D R',Waluigi,U2-swap,
WB,"[R D' R' U R' D R , U']",R D' R' U R' D R U' R' D' R U' R D R' U,Web,U'-swap,
WD,"[R D' R' : [U' , R' D R]]",R D' R' U' R' D R U R' D' R2 D R',Wade,U'-swap,
WE,"[D R : [U , R D' R']]",D R U R D' R' U' R D R2 D',Weed,U-swap,
WF,"[R U' R2' : [U , R D R']]",R U' R2' U R D R' U' R D' R U R',Wife,U-swap,
WG,"[U R2 : [U' , R' D R]]",U R2 U' R' D R U R' D' R' U',Wag,U'-swap,
WH,"[R D' R' : [U , R' D R]]",R D' R' U R' D R U' R' D' R2 D R',Whale,U-swap,
WI,"[D R : [U2 , R D' R']]",D R U2 R D' R' U2 R D R2 D',Wii,U2-swap,
WK,"[U R D' : [R' D R , U']]",U R D' R' D R U' R' D' R U D R' U',Wok,U'-swap,
WL,"[D' R2 : [R' U' R , D']]",D' R U' R D' R' U R D R2 D,Will,D'-swap,
WN,"[U R U D' : [R' D R , U2]]",U R U D' R' D R U2 R' D' R U2 D U' R' U',Wine,U2-swap,
WP,"[D' R U' R' : [U2 , R' D R]]",D' R U' R' U2 R' D R U2 R' D' R2 U R' D,Wap,U2-swap,
WQ,"[D R U' : [D' , R' U R]]",D R U' D' R' U R D R' U' R U R' D',Watch,D'-swap,
WR,"[U R2 : [U' , R' D' R]]",U R2 U' R' D' R U R' D R' U',Worm,U'-swap,
WS,"[U R2 : [U' , R' D2 R]]",U R2 U' R' D2 R U R' D2 R' U',Walrus,U'-swap,
WU,"[U' R2' : [D , R2 U R2' U' R2]]",U' R2' D R2 U R2' U' R2 D' R2 U R2,Windu,D-swap,
WV,"[D R U' R' : [D' , R' U R]]",D R U' R' D' R' U R D R' U' R2 U R' D',Wave,D'-swap,
WX,"[R U' R' : [R' U R , D']]",R U' R2 U R D' R' U' R D R U R',Welsh,D'-swap,
XA,"[R' U' D' R : [D , R U' R']]",R' U' D' R D R U' R' D' R U R2 D U R,Sheniya,D-swap,
XB,"[R' B : [R U R' , D']]",R' B R U R' D' R U' R' D B' R,Shiba,D'-swap,
XD,"[R' D' R : [D , R U' R']]",R' D' R D R U' R' D' R U R2 D R,Shed,D-swap,
XE,"[R : [U , R D' R']]",R U R D' R' U' R D R2,Sheen,U-swap,
XF,"[U' D R' U : [D , R U' R']]",U' D R' U D R U' R' D' R U R' U' R D' U,Sheaf,D-swap,
XG,"[D R : [F2 , R' U R U']]",D R F2 R' U R U' F2 U R' U' D',Shaggy,F2-swap,
XI,"[R2 U : [R' U R , D']]",R2 U R' U R D' R' U' R D U' R2,Shi,D'-swap,
XK,"[R' D' R : [D ,R U R']]",R' D' R D R U R' D' R U' R2 D R,Shark,D-swap,
XL,"[D R D : [R' D' R , U]]",D R D R' D' R U R' D R U' D' R' D',Shell,U-swap,
XN,"[D U' R' : [U2 , R' D R]]",D U' R' U2 R' D R U2 R' D' R2 U D',Shan,U2-swap,
XO,"[U D' R D' : [R' D R , U']]",U D' R D' R' D R U' R' D' R U D R' D U',Shoe,U'-swap,
XP,"[R2 : [R' U' R , D']]",R U' R D' R' U R D R2,Ship,D'-swap,
XQ,"[R U' : [D' , R' U R]]",R U' D' R' U R D R' U' R U R',Shaq,D'-swap,
XR,"[R2 U : [R' U' R , D']]",R2 U R' U' R D' R' U R D U' R2,Sharon,D'-swap,
XT,"[R U' D' : [R' U R , D2]]",R U' D' R' U R D2 R' U' R D' U R',Shit,D2-swap,
XU,"[R U' D' : [R' U R , D']]",R U' D' R' U R D' R' U' R D2 U R',Shut,D'-swap,
XV,"[R U' R' U' : [R D' R' , U2]]",R U' R' U' R D' R' U2 R D R' U' R U R',Shave,U2-swap,
XW,"[R U' R' : [D' , R' U R]]",R U' R' D' R' U R D R' U' R2 U R',Shower,D'-swap,
