AB,Abe
AD,Aid
AE,Ale
AF,Afro
AG,Age
AH,Arthur
AJ,Astor
AK,Ace
AL,Al
AM,Ammo
AN,Anne
AO,Aoli
AP,Apple
AR,Are
AS,Ass
AT,At
AU,Aus
AV,Ave
AW,Aww
AX,Ax
BA,Barb
BD,Bed
BE,Bee
BF,Beef
BG,Bag
BH,Bath
BJ,Best
BK,Bike
BL,Bill
BN,Bean
BO,Boob
BP,Bop
BQ,Bach
BR,Bar
BS,Bus
BT,Bat
BU,Bub
BV,Bev
BW,Bow
BX,Box
DA,Dada
DB,Deb
DF,Deaf
DG,Dog
DH,Death
DJ,Dust
DK,Duck
DL,Doll
DM,Dom
DN,Dean
DO,Dodo
DP,Dip
DQ,Dutch
DR,Door
DS,Desk
DT,Dot
DU,Due
DV,Dev
DW,Dew
DX,Dex
EA,Ella
EB,Elbow
EF,Effile 
EG,Egg
EH,Earth
EJ,Ester
EK,Elk
EL,Elle
EM,Em
EN,Ender
EO,Elmo
EP,Epee
EQ,Etch
ER,Eraser
ES,Yes
ET,ET (Eat)
EU,Europe
EV,Eve
EW,Ewe
EX,Eshay
FA,Fay
FB,Ferb
FD,Food
FE,Free
FG,Fag
FH,Faith
FJ,First
FK,Fuck
FM,Fam
FN,Fan
FO,Floof
FP,Fap
FQ,Filch
FR,Four
FS,Fuzz
FT,Fat
FU,Fugu
FV,Five
FW,Fawn
FX,Fox
GA,Gag
GB,Gib
GD,God
GE,Geese
GF,Golf
GH,Goth
GJ,Gust
GK,Goku
GL,Girl
GM,Gem
GN,Gun
GO,Go
GP,Gypsy
GQ,Gulch
GR,Gear
GS,Gus
GT,Got
GU,Gue
GV,Gav
GW,Gwent
HA,Haha
HB,Hubby
HD,Head
HE,Helium
HF,Hoof
HG,Hog
HJ,Hijab
HK,Hack
HL,Hill
HM,Ham
HN,Hen
HO,Hobo
HP,Hop
HQ,Hatcher
HS,Horse
HT,Hot
HU,Hula
HV,Hive
HW,Hawk
HX,Hoax
JA,Ja
JB,Job
JD,Jedi
JE,Jei
JF,Jeff
JG,Jog
JH,Jonah
JK,Jack
JL,Jail
JM,Jam
JN,Jan
JO,John
JQ,Jaques
JR,Jar
JS,Jess
JT,Jet
JU,Juju
JV,Javi
JW,Jaw
JX,Josh
KA,Koala
KB,Kebab
KD,Kid
KE,Key
KF,Coffee
KG,Keg
KH,Keith
KJ,Cost
KL,Kale
KM,Cum
KN,Ken
KO,Coco
KP,Cop
KQ,Katchi
KR,Car
KS,Kiss
KT,Kitkat
KV,Cave
KW,Kiwi
KX,Kesha
LA,Lala
LB,Lebron
LD,Lead
LE,Lee
LG,Leg
LH,Leah
LJ,Last
LK,Lake
LM,Lamb
LN,Lan
LO,Loo
LP,Lip
LQ,Leach
LR,Larry
LS,Lisa
LT,Lit
LU,Luigi
LV,Love
LW,Law
LX,Lash
MA,Mama
MD,Mad
ME,Me
MF,Muffin
MG,Mug
MH,Math
MJ,Must
MK,Make
ML,Mail
MN,Man
MO,Moo
MP,Mop
MQ,Mocha
MR,More
MS,Moss
MT,Mat
MU,Mu
MV,Mav
MW,Mow
MX,Mosh
NA,Nana
NB,Nab
ND,Ned
NE,Knee
NF,Knife
NG,Knight
NH,Noah
NJ,Nest
NK,Nike
NL,Nile
NM,Numb
NO,No
NP,Nip
NQ,Nique
NR,Nora
NS,Nose
NU,Nut
NV,Knave
NW,Newt
NX,Nashi
OA,Oasis
OB,Oboe
OD,Odd
OE,One
OF,Olaf
OG,Ogre
OH,Oath
OJ,OJ
OK,Oak
OL,Oil
OM,Ohm
ON,On
OP,Oprah
OQ,Ostrich
OR,Oar
OS,Oz
OT,Otter
OU,Out
OW,Ow
OX,Ox
PA,Papaya
PB,Pub
PD,Pad
PE,Peas
PF,Puff
PG,Pug
PH,Path
PK,Peck
PL,Pill
PM,Pam
PN,Pen
PO,Poo
PQ,Pooch
PR,Pear
PS,Piss
PT,Pot
PU,Puma
PV,Pav
PW,Paw
PX,Push
QB,Chub
QD,Chode
QE,Cheese
QF,Chef
QG,Qagmire
QH,Cheetah
QJ,Chest
QK,Chick
QL,Chili
QM,Chum
QN,Chan
QO,Cho
QP,Chomper
QR,Charcoal
QS,Chase
QT,Chat
QU,Chungus
QV,Chevron
QW,Chowder
QX,Chesha
RA,Ra
RB,Ribs
RD,Rod
RE,Reed
RF,Raft
RG,Rag
RJ,Rest
RK,Rake
RL,Rail
RM,Rum
RN,Ron
RO,Roo
RP,Rope
RQ,Rachael
RS,Russ
RT,Rat
RU,Ruby
RV,Raven
RW,Raw
RX,Rash
SA,SA
SB,Seb
SD,Sid
SE,Seer
SF,Sofa
SG,Stig
SH,Seth
SJ,Sartaj
SK,Sick
SL,Sail
SM,Sam
SN,Sun
SO,Spool
SP,Sap
SQ,Satchel
SR,Sour
ST,Sit
SU,Suit
SV,Seven
SX,Sex
TA,Tat
TB,Tub
TD,Todd
TE,Tee
TF,Tiff
TG,Tag
TH,Teeth
TJ,Test
TK,Tik Tok
TL,Tool
TM,Tom
TO,Two
TP,Tap
TQ,Teacher
TR,Tear
TS,Tess
TU,Tutu
TV,Tavern
TW,Tow
TX,Trash
UA,Umbrella
UB,Uber
UD,Udder
UE,Ute
UF,Ufo
UG,Ugh
UH,Utah Jazz
UJ,Austin
UL,Uli
UM,Umm
UN,UN
UO,Uno
UP,Up
UQ,Urchin
UR,Uranus
US,US
UT,U Turn
UV,Uvula
UW,Underwear
UX,Usher
VA,Visa
VB,Vibrator
VD,Vader
VE,V
VF,Venus Flytrap
VG,Vag
VH,Vi Hart
VJ,Vest
VK,Vicky
VL,Vial
VM,Vom
VN,Van
VP,Vape
VQ,Voucher
VR,Varys
VS,Vase
VT,Vet
VU,Vacuum
VW,View
VX,Vixen
WA,Waluigi
WB,Web
WD,Wade
WE,Weed
WF,Wife
WG,Wag
WH,Whale
WJ,West
WK,Wok
WL,Will
WM,Worm
WN,Wine
WO,Wow
WP,Wap
WQ,Watch
WR,Worm
WT,Wet
WU,Windu
WV,Wave
WX,Welsh
XA,Sheniya
XB,Shiba
XD,Shed
XE,Sheen
XF,Sheaf
XH,Shah
XJ,Exist
XK,Shark
XL,Shell
XM,Sham
XN,Shan
XO,Shoe
XP,Ship
XQ,Shaq
XR,Sharon
XS,Shitsu
XT,Shit
XU,Shut
XV,Shave
XW,Shower